admin,Administrator,Alexa,noone@nowhere.com,password,maintain,admin
aphillips,Phillips,Anna,noone@nowhere.com,password,maintain,aphillips
bkoppelman,Koppelman,Brian,noone@nowhere.com,password,maintain,bkoppelman
cbuckley,Buckley,Carlos,noone@nowhere.com,password,maintain,cbuckley
coliveira,Oliveira,Christian,noone@nowhere.com,password,maintain,coliveira
dlarue,Larue,Devin,noone@nowhere.com,password,maintain,dlarue
gjohnson,Andrews-Johnson,Gavin,noone@nowhere.com,password,maintain,gjohnson
klabelle,LaBelle,Katherine,noone@nowhere.com,password,maintain,klabelle
mbrissette,Brissette,Madison,noone@nowhere.com,password,maintain,mbrissette
mpaquette,Paquette,Mia,noone@nowhere.com,password,maintain,mpaquette
nwilson,Wilson,Nathaniel,noone@nowhere.com,password,maintain,nwilson
aallen,Allen,Aaliyah,noone@nowhere.com,password,registered,aallen
aaustin,Austin,Alma,noone@nowhere.com,password,registered,aaustin
abass,Bass,Aaron,noone@nowhere.com,password,registered,abass
abelanger,Belanger,Abigail,noone@nowhere.com,password,registered,abelanger
abishop,Bishop,Agnes,noone@nowhere.com,password,registered,abishop
aboyer,Boyer,Adam,noone@nowhere.com,password,registered,aboyer
abradley,Bradley,Ana,noone@nowhere.com,password,registered,abradley
abrouillette,Brouillette,Addison,noone@nowhere.com,password,registered,abrouillette
aburns,Burns,April,noone@nowhere.com,password,registered,aburns
acaldwell,Caldwell,Adrian,noone@nowhere.com,password,registered,acaldwell
acard,Card,Aidan,noone@nowhere.com,password,registered,acard
acarter,Carter,Amanda,noone@nowhere.com,password,registered,acarter
aceroni,Ceroni,Aiden,noone@nowhere.com,password,registered,aceroni
achampagne,Champagne,Alejandro,noone@nowhere.com,password,registered,achampagne
adias,Dias,Alex,noone@nowhere.com,password,registered,adias
adixon,Dixon,Amber,noone@nowhere.com,password,registered,adixon
